,name,math,cs,y_predict
0,david,92,98,95.54699116120405
1,laura,56,68,58.90842192009371
2,sanjay,88,81,91.4760390233029
3,wei,70,80,73.15675440274772
4,jeff,80,83,83.3341347475006
5,aamir,49,52,51.7842556787667
6,venkat,65,66,68.06806423037129
7,virat,35,30,37.53592319611268
8,arthur,66,68,69.08580226484658
9,paul,67,73,70.10354029932186
